{
  "/workspace/corpus/storage.py": 1775534162.564289,
  "/workspace/corpus/validator.py": 1775534162.564289,
  "/workspace/corpus/processor.py": 1775534162.564289,
  "/workspace/corpus/api.py": 1775534162.564289,
  "/workspace/corpus/parser.py": 1775534162.564289,
  "/workspace/corpus/architecture.md": 1775534162.564289,
  "/workspace/corpus/notes.md": 1775534162.564289
}