department,rate_female,rate_male,rate_diff_female_minus_male
A,0.8240740740740741,0.6206060606060606,0.20346801346801346
B,0.68,0.6303571428571428,0.04964285714285721
C,0.3406408094435076,0.36923076923076925,-0.028589959787261643
D,0.34933333333333333,0.33093525179856115,0.01839808153477218
E,0.23918575063613232,0.2774869109947644,-0.0383011603586321
F,0.07038123167155426,0.058981233243967826,0.011399998427586433
