{
  "rmse_raw": 21164.868953501205,
  "rmse_calibrated": 21635.655338595458,
  "mae": 15634.1560207269,
  "r2": 0.8924000893999292
}