{
  "mae": 0.28085578936784505,
  "interval_coverage": 0.7260981912144703,
  "interval_width": 0.890516351421627
}