{
  "ate_pred": 0.9791278382210713,
  "ate_true": 1.0078280614532589,
  "ate_error": -0.02870022323218757,
  "cate_rmse": 0.2845733661768573,
  "policy_value": 0.9872756998573118,
  "oracle_policy_value": 0.9860327548144977,
  "random_policy_value": 0.5022616678193258
}