feature_0,feature_1,feature_2,feature_3,feature_4,feature_5,feature_6,feature_7,feature_8,feature_9,feature_10,feature_11,treatment,outcome,true_tau
-0.505491138155891,-1.8961962578243126,1.1402006107627027,-0.5654478274346068,0.1413870373327949,-0.7604223965127959,-0.7302361621819414,-1.0389891372689044,0.9482969578735007,1.189721597394168,0.025934564565606395,-0.5366577300982632,0,1.9956831483956379,0.508628160869994
0.4462785885648339,-1.3575436031951795,-3.241672817878376,-1.3262345859312439,0.5949346183951217,0.8914850545821161,-1.6602306146947008,0.6586442157705474,0.6207398441603127,1.3950417655194778,0.9503941460088128,1.351882468002411,1,3.4873370315913403,-0.04400808867843886
0.11963149910586586,-0.04060143522245945,-1.5206674074319642,0.2630233215655902,-0.04229287251264407,0.3122004566335367,-0.07751777776448186,-0.3603393634785457,0.8749100602756985,0.5331344037084068,1.3960472999356885,0.4947297644723308,0,2.2129827294613755,1.1290312927876662
0.9692630623722158,-0.7260487634329718,-0.23882037049138166,1.4680883968622018,0.17290635338975055,-0.3259398223755232,1.0348693780033964,0.8374312855356256,-1.299819371680694,0.7299315307952567,0.13733768301037183,0.711901547932619,1,1.3540774155197557,1.2304709167708574
0.4295498313518681,-0.5962764293124061,0.9468293949257822,-0.09959763684744097,2.0665645105043584,-0.12645554561684866,0.9373673167954857,-0.6304944572184992,-0.3072388527465428,-0.042048184105551153,0.35137952788775006,-0.7465048591175034,0,-1.5592726593963504,1.0524090289135801
