predicted_tau,tau_lower_p05,tau_upper_p95,recommend_treatment,true_tau
0.22924074422654453,0.08136145970479838,0.37712002874829065,1,0.508628160869994
0.8132846461650711,0.6007459426691815,1.0258233496609606,1,-0.04400808867843886
1.0806591131733627,0.9657489082578466,1.1955693180888787,1,1.1290312927876662
1.1763077895653138,1.042157032299794,1.3104585468308336,1,1.2304709167708574
0.8158479881180909,0.6869897193666528,0.944706256869529,1,1.0524090289135801
